City_ID,City,Country,Date,Lat,Lng,Max Temp,Humidity,Cloudiness,Wind Speed
0,Santa Isabel Do Rio Negro,BR,2022-03-19 03:29:50,-0.4139,-65.0192,73.83,97,95,2.26
1,Beihai,CN,2022-03-19 03:29:51,21.4833,109.1,75.04,82,18,8.99
2,Hinche,HT,2022-03-19 03:29:52,19.15,-72.0167,76.39,69,66,1.77
3,Rikitea,PF,2022-03-19 03:29:52,-23.1203,-134.9692,80.51,72,40,8.14
4,Bataipora,BR,2022-03-19 03:29:53,-22.2953,-53.2711,71.62,97,100,0.74
5,Avarua,CK,2022-03-19 03:29:54,-21.2078,-159.775,84.25,70,80,6.91
6,Castro,BR,2022-03-19 03:29:55,-24.7911,-50.0119,65.68,93,92,3.2
7,Cape Town,ZA,2022-03-19 03:25:04,-33.9258,18.4232,66.11,82,0,11.5
8,Butaritari,KI,2022-03-19 03:29:57,3.0707,172.7902,81.1,80,20,20.6
9,Ushuaia,AR,2022-03-19 03:27:10,-54.8,-68.3,35.26,87,20,9.22
10,New Norfolk,AU,2022-03-19 03:29:58,-42.7826,147.0587,72.88,30,6,1.01
11,Muravlenko,RU,2022-03-19 03:29:59,63.7898,74.523,18.93,97,100,17.29
12,Mahebourg,MU,2022-03-19 03:30:00,-20.4081,57.7,80.26,94,40,2.3
13,La Ronge,CA,2022-03-19 03:30:00,55.1001,-105.2842,34.05,69,20,0.0
14,Beaverlodge,CA,2022-03-19 03:30:02,55.2166,-119.4361,34.95,69,29,0.47
15,Port Macquarie,AU,2022-03-19 03:25:54,-31.4333,152.9167,73.89,83,75,6.91
16,Coos Bay,US,2022-03-19 03:30:03,43.3665,-124.2179,51.93,92,0,9.22
17,Atuona,PF,2022-03-19 03:30:04,-9.8,-139.0333,78.82,77,6,15.26
18,Cidreira,BR,2022-03-19 03:30:06,-30.1811,-50.2056,75.25,80,100,6.2
19,Isangel,VU,2022-03-19 03:30:07,-19.55,169.2667,82.9,75,99,4.56
20,Show Low,US,2022-03-19 03:30:08,34.2542,-110.0298,43.09,28,0,0.0
21,Port Augusta,AU,2022-03-19 03:30:09,-32.5,137.7667,93.78,29,72,6.6
22,Aleksandrovsk-Sakhalinskiy,RU,2022-03-19 03:30:09,50.8975,142.1561,27.91,89,100,6.26
23,Rocha,UY,2022-03-19 03:30:10,-34.4833,-54.3333,54.7,69,69,11.3
24,Bluff,NZ,2022-03-19 03:30:11,-46.6,168.3333,72.81,69,33,16.08
25,Hobart,AU,2022-03-19 03:29:07,-42.8794,147.3294,73.22,51,20,10.36
26,Sambava,MG,2022-03-19 03:30:13,-14.2667,50.1667,77.81,89,100,3.0
27,Upernavik,GL,2022-03-19 03:30:14,72.7868,-56.1549,-17.09,77,99,7.92
28,Vaini,TO,2022-03-19 03:30:15,-21.2,-175.2,81.61,78,100,24.52
29,Dikson,RU,2022-03-19 03:30:16,73.5069,80.5464,17.22,87,55,23.64
30,Hermanus,ZA,2022-03-19 03:30:16,-34.4187,19.2345,68.81,90,12,10.33
31,Komsomolskiy,UZ,2022-03-19 03:30:17,40.4272,71.7189,38.12,87,100,6.91
32,Kruisfontein,ZA,2022-03-19 03:30:18,-34.0033,24.7314,62.94,88,100,1.52
33,Cap Malheureux,MU,2022-03-19 03:30:19,-19.9842,57.6142,80.47,91,65,1.01
34,Lovozero,RU,2022-03-19 03:30:20,68.005,35.0117,24.3,72,4,9.44
35,Busselton,AU,2022-03-19 03:30:21,-33.65,115.3333,63.9,64,100,15.59
36,Gobabis,NA,2022-03-19 03:30:21,-22.45,18.9667,62.11,88,100,9.78
37,San Rafael Del Sur,NI,2022-03-19 03:30:22,11.8485,-86.4384,81.57,67,98,10.6
38,Punta Arenas,CL,2022-03-19 03:30:23,-53.15,-70.9167,39.31,75,0,5.75
39,Saskylakh,RU,2022-03-19 03:30:24,71.9167,114.0833,15.8,94,100,11.05
40,Kapaa,US,2022-03-19 03:30:25,22.0752,-159.319,80.58,66,0,13.8
41,Souillac,MU,2022-03-19 03:30:26,-20.5167,57.5167,75.58,94,40,2.3
42,Coquimbo,CL,2022-03-19 03:30:27,-29.9533,-71.3436,60.53,94,0,4.61
43,Mataura,NZ,2022-03-19 03:30:27,-46.1927,168.8643,72.48,40,99,5.55
44,Lisala,CD,2022-03-19 03:30:28,2.15,21.5167,71.4,66,83,1.86
45,Pangnirtung,CA,2022-03-19 03:30:29,66.1451,-65.7125,-25.49,89,50,6.62
46,Katsuura,JP,2022-03-19 03:30:30,35.1333,140.3,57.2,74,94,8.1
47,Mizdah,LY,2022-03-19 03:30:31,31.4451,12.9801,52.47,64,0,5.12
48,Malanje,AO,2022-03-19 03:30:32,-9.5402,16.341,64.4,96,100,2.66
49,Samarai,PG,2022-03-19 03:30:33,-10.6167,150.6667,87.46,67,86,9.84
50,Mosjoen,NO,2022-03-19 03:30:34,65.836,13.1908,39.67,97,100,30.89
51,Provideniya,RU,2022-03-19 03:30:35,64.3833,-173.3,3.16,76,0,5.93
52,Sechura,PE,2022-03-19 03:30:36,-5.5569,-80.8222,73.42,74,17,12.03
53,Yueyang,CN,2022-03-19 03:30:37,29.3333,113.0919,66.16,68,24,9.04
54,Talnakh,RU,2022-03-19 03:30:38,69.4865,88.3972,20.21,95,100,4.23
55,Iqaluit,CA,2022-03-19 03:30:39,63.7506,-68.5145,-15.07,76,75,5.75
56,Ugoofaaru,MV,2022-03-19 03:30:40,5.6667,73.0,83.35,70,18,12.82
57,Muroto,JP,2022-03-19 03:30:41,33.2833,134.15,55.4,66,100,13.67
58,Labuhan,ID,2022-03-19 03:30:42,-6.8844,112.2051,85.46,70,100,7.58
59,Carnarvon,AU,2022-03-19 03:30:43,-24.8667,113.6333,84.27,54,0,18.41
60,Hudson Bay,CA,2022-03-19 03:30:44,52.85,-102.3842,33.24,93,61,9.48
61,Oga,IT,2022-03-19 03:30:45,46.4631,10.347,36.81,97,100,2.21
62,Flin Flon,CA,2022-03-19 03:30:46,54.7682,-101.865,31.48,97,100,4.16
63,Khatanga,RU,2022-03-19 03:30:47,71.9667,102.5,13.51,95,80,8.75
64,Sao Joao Da Barra,BR,2022-03-19 03:30:48,-21.6403,-41.0511,77.18,86,0,15.5
65,Esperance,AU,2022-03-19 03:30:49,-33.8667,121.9,67.84,78,100,17.63
66,Thompson,CA,2022-03-19 03:30:50,55.7435,-97.8558,32.16,74,40,0.0
67,Hithadhoo,MV,2022-03-19 03:30:51,-0.6,73.0833,83.68,72,100,15.55
68,Jamestown,US,2022-03-19 03:30:27,42.097,-79.2353,62.24,31,75,10.36
69,Aklavik,CA,2022-03-19 03:30:53,68.2191,-135.0107,-10.93,88,98,9.73
70,Bambous Virieux,MU,2022-03-19 03:30:54,-20.3428,57.7575,80.22,94,40,2.3
71,Mushie,CD,2022-03-19 03:30:54,-3.0167,16.9,71.58,95,98,3.11
72,Dunedin,NZ,2022-03-19 03:30:55,-45.8742,170.5036,58.8,75,85,5.99
73,Kampen,NL,2022-03-19 03:30:56,52.555,5.9111,40.96,86,0,10.09
74,Espanola,US,2022-03-19 03:29:33,35.9911,-106.0806,46.38,51,20,1.1
75,Saldanha,ZA,2022-03-19 03:30:57,-33.0117,17.9442,62.65,79,30,7.58
76,Heidenau,DE,2022-03-19 03:30:58,50.9722,13.8674,40.23,88,20,4.61
77,Hirara,JP,2022-03-19 03:30:59,24.8,125.2833,73.26,68,40,12.66
78,Watford,GB,2022-03-19 03:31:00,51.6553,-0.396,46.4,88,0,8.05
79,Bandarbeyla,SO,2022-03-19 03:26:33,9.4942,50.8122,76.08,73,0,9.37
80,East London,ZA,2022-03-19 03:31:02,-33.0153,27.9116,69.89,87,100,7.96
81,Acajutla,SV,2022-03-19 03:31:03,13.5928,-89.8275,80.04,77,5,5.99
82,Sakete,BJ,2022-03-19 03:31:03,6.7362,2.6587,79.75,85,83,5.08
83,Grand Gaube,MU,2022-03-19 03:31:04,-20.0064,57.6608,80.38,91,64,1.01
84,Itarema,BR,2022-03-19 03:31:05,-2.9248,-39.9167,76.23,87,44,6.13
85,Arraial Do Cabo,BR,2022-03-19 03:31:06,-22.9661,-42.0278,76.66,86,2,24.49
86,Paita,PE,2022-03-19 03:31:07,-5.0892,-81.1144,74.37,74,13,12.3
87,Half Moon Bay,US,2022-03-19 03:31:07,37.4636,-122.4286,58.48,79,100,12.66
88,Landau,DE,2022-03-19 03:31:09,49.2075,8.1133,44.62,71,0,11.52
89,Karratha,AU,2022-03-19 03:29:08,-20.7377,116.8463,94.89,42,0,7.45
90,Reno,US,2022-03-19 03:29:41,39.5296,-119.8138,58.66,35,100,12.66
91,Khandyga,RU,2022-03-19 03:31:11,62.6667,135.6,15.73,86,100,2.3
92,Kargil,IN,2022-03-19 03:31:11,34.5667,76.1,23.49,72,17,0.51
93,Lebu,CL,2022-03-19 03:31:12,-37.6167,-73.65,55.18,75,100,13.51
94,Tasiilaq,GL,2022-03-19 03:31:13,65.6145,-37.6368,19.56,86,65,5.77
95,Cabo San Lucas,MX,2022-03-19 03:31:14,22.8909,-109.9124,72.52,74,0,3.44
96,Adrar,MR,2022-03-19 03:31:15,20.5022,-10.0711,63.54,34,72,8.84
97,Salmon Arm,CA,2022-03-19 03:31:16,50.6998,-119.3024,44.44,94,100,0.0
98,Mayo,US,2022-03-19 03:31:17,38.8876,-76.5119,62.26,88,0,11.5
99,Betsiamites,CA,2022-03-19 03:31:17,48.9413,-68.646,30.29,82,5,8.52
100,Nisia Floresta,BR,2022-03-19 03:31:18,-6.0911,-35.2086,79.18,82,98,3.67
101,Strezhevoy,RU,2022-03-19 03:31:19,60.7333,77.5889,26.37,95,100,10.6
102,Balaipungut,ID,2022-03-19 03:31:20,1.05,101.2833,88.54,61,83,3.47
103,Lorengau,PG,2022-03-19 03:31:21,-2.0226,147.2712,86.38,61,57,9.93
104,Yellowknife,CA,2022-03-19 03:31:21,62.456,-114.3525,14.52,85,75,0.0
105,Abeche,TD,2022-03-19 03:31:22,13.8292,20.8324,66.81,10,86,11.16
106,Vestmannaeyjar,IS,2022-03-19 03:31:24,63.4427,-20.2734,34.86,99,100,14.85
107,Kiknur,RU,2022-03-19 03:31:24,57.3034,47.2011,27.19,88,93,5.53
108,Kloulklubed,PW,2022-03-19 03:31:25,7.0419,134.2556,81.1,77,100,13.24
109,Brigantine,US,2022-03-19 03:31:26,39.4101,-74.3646,53.04,95,100,8.05
110,Port Elizabeth,ZA,2022-03-19 03:27:56,-33.918,25.5701,67.32,97,100,8.05
111,Ribeira Grande,PT,2022-03-19 03:31:27,38.5167,-28.7,54.0,47,20,19.57
112,Elk City,US,2022-03-19 03:29:42,35.412,-99.4043,43.48,52,0,0.0
113,Batemans Bay,AU,2022-03-19 03:31:29,-35.7167,150.1833,72.1,62,89,8.41
114,Gizo,SB,2022-03-19 03:27:51,-8.103,156.8419,86.04,66,83,9.31
115,Vostok,RU,2022-03-19 03:31:30,46.4856,135.8833,25.59,60,48,7.29
116,Vao,NC,2022-03-19 03:31:32,-22.6667,167.4833,77.68,73,50,4.16
117,Port Hardy,CA,2022-03-19 03:31:33,50.6996,-127.4199,42.8,93,100,4.61
118,Bathsheba,BB,2022-03-19 03:31:34,13.2167,-59.5167,79.41,73,75,24.16
119,Puerto Ayora,EC,2022-03-19 03:31:35,-0.7393,-90.3518,78.37,79,40,5.48
120,Mar Del Plata,AR,2022-03-19 03:31:16,-38.0023,-57.5575,54.88,61,20,3.44
121,Fortuna,US,2022-03-19 03:31:36,40.5982,-124.1573,49.93,91,20,6.91
122,Praia,CV,2022-03-19 03:31:37,14.9215,-23.5087,68.54,77,40,11.5
123,San Cristobal,VE,2022-03-19 03:31:38,7.7669,-72.225,69.98,75,92,1.43
124,Hilo,US,2022-03-19 03:31:38,19.7297,-155.09,74.25,92,100,3.44
125,Srednekolymsk,RU,2022-03-19 03:31:39,67.45,153.6833,6.01,77,38,1.81
126,Manzhouli,CN,2022-03-19 03:31:40,49.6,117.4333,20.1,62,81,4.92
127,Meridian,US,2022-03-19 03:29:16,43.6121,-116.3915,54.97,44,0,11.5
128,Ilulissat,GL,2022-03-19 03:31:42,69.2167,-51.1,6.82,72,100,10.36
129,Ambilobe,MG,2022-03-19 03:31:43,-13.2,49.05,76.98,95,100,0.74
130,Vidim,RU,2022-03-19 03:31:45,56.4088,103.1106,17.87,80,100,8.19
131,Kenora,CA,2022-03-19 03:31:45,49.8167,-94.4337,32.97,74,20,8.05
132,Albany,US,2022-03-19 03:27:54,42.6001,-73.9662,54.73,75,100,3.27
133,Narsaq,GL,2022-03-19 03:31:47,60.9167,-46.05,16.02,76,100,5.84
134,Ixtapa,MX,2022-03-19 03:31:48,20.7,-105.2,67.23,77,0,0.0
135,Kandrian,PG,2022-03-19 03:31:49,-6.2167,149.55,87.49,65,70,7.02
136,Fallon,US,2022-03-19 03:31:50,39.4735,-118.7774,57.07,22,75,3.44
137,Ancud,CL,2022-03-19 03:31:50,-41.8697,-73.8203,47.23,81,100,5.53
138,Nanortalik,GL,2022-03-19 03:31:51,60.1432,-45.2371,16.59,80,100,4.9
139,Cabedelo,BR,2022-03-19 03:31:52,-6.9811,-34.8339,75.87,78,56,6.46
140,Qaanaaq,GL,2022-03-19 03:31:53,77.484,-69.3632,-9.71,91,100,6.08
141,Palmer,US,2022-03-19 03:31:54,42.1584,-72.3287,59.41,60,75,6.91
142,Georgetown,MY,2022-03-19 03:28:58,5.4112,100.3354,89.53,76,40,8.05
143,Sitka,US,2022-03-19 03:31:55,57.0531,-135.33,39.09,81,100,8.05
144,Lompoc,US,2022-03-19 03:29:49,34.6391,-120.4579,56.01,84,20,13.0
145,Tautira,PF,2022-03-19 03:31:56,-17.7333,-149.15,81.91,71,2,12.66
146,Alta Floresta,BR,2022-03-19 03:31:57,-9.8756,-56.0861,70.72,98,94,0.98
147,Bako,ET,2022-03-19 03:31:58,5.7833,36.5667,69.6,55,74,2.35
148,Kavieng,PG,2022-03-19 03:31:59,-2.5744,150.7967,86.25,61,22,13.62
149,Longyearbyen,SJ,2022-03-19 03:28:08,78.2186,15.6401,28.24,64,40,12.66
150,Tomatlan,MX,2022-03-19 03:30:25,19.9333,-105.25,62.85,59,0,3.47
151,Rancho Veloz,CU,2022-03-19 03:32:01,22.8806,-80.3917,75.33,82,0,7.38
152,Ozernovskiy,RU,2022-03-19 03:32:02,51.5,156.5167,35.6,78,100,7.05
153,Turukhansk,RU,2022-03-19 03:32:03,65.8167,87.9833,19.45,94,100,10.67
154,Gazanjyk,TM,2022-03-19 03:32:04,39.2446,55.5154,40.8,49,4,20.36
155,Port Alfred,ZA,2022-03-19 03:32:05,-33.5906,26.891,69.64,90,100,7.18
156,Vila Velha,BR,2022-03-19 03:32:06,-20.3297,-40.2925,75.94,91,40,3.44
157,Asau,RO,2022-03-19 03:32:07,46.4333,26.4,18.52,78,32,3.83
158,Tiksi,RU,2022-03-19 03:32:08,71.6872,128.8694,6.39,77,100,26.71
159,Tukrah,LY,2022-03-19 03:32:08,32.5341,20.5791,53.2,69,75,16.37
160,Kodiak,US,2022-03-19 03:32:09,57.79,-152.4072,35.11,80,100,20.71
161,Victoria,HK,2022-03-19 03:30:02,22.2855,114.1577,78.24,85,30,18.01
162,Saint-Philippe,RE,2022-03-19 03:32:11,-21.3585,55.7679,79.11,83,39,3.09
163,Belyy Yar,RU,2022-03-19 03:32:11,53.6039,91.3903,17.49,73,99,4.47
164,Chokurdakh,RU,2022-03-19 03:32:12,70.6333,147.9167,-4.16,92,30,5.91
165,Akonolinga,CM,2022-03-19 03:32:13,3.7667,12.25,69.31,79,57,1.12
166,Tavda,RU,2022-03-19 03:32:14,58.0425,65.2726,20.39,92,74,8.16
167,Myitkyina,MM,2022-03-19 03:32:15,25.3833,97.4,94.64,19,8,1.12
168,Bonavista,CA,2022-03-19 03:32:16,48.6499,-53.1147,31.48,98,100,16.55
169,Rimbey,CA,2022-03-19 03:30:18,52.6334,-114.2353,34.23,89,12,5.46
170,Necochea,AR,2022-03-19 03:32:17,-38.5473,-58.7368,50.76,55,6,6.11
171,Bilibino,RU,2022-03-19 03:32:18,68.0546,166.4372,4.75,72,12,1.77
172,Hiriyur,IN,2022-03-19 03:32:19,13.9456,76.6192,83.32,48,8,5.88
173,Fomboni,KM,2022-03-19 03:32:20,-12.28,43.7425,83.16,74,100,9.42
174,Kahului,US,2022-03-19 03:32:20,20.8947,-156.47,80.62,69,0,21.85
175,Nouadhibou,MR,2022-03-19 03:32:21,20.931,-17.0347,62.58,82,12,16.11
176,Manggar,ID,2022-03-19 03:32:22,-2.8833,108.2667,87.84,63,70,5.95
177,Artvin,TR,2022-03-19 03:32:23,41.1667,41.8333,23.92,94,100,1.21
178,Piacabucu,BR,2022-03-19 03:32:24,-10.4056,-36.4344,77.25,77,40,6.46
179,Udachnyy,RU,2022-03-19 03:32:25,66.4167,112.4,8.46,77,100,15.88
180,Nueva Loja,EC,2022-03-19 03:32:26,0.0847,-76.8828,70.38,99,57,2.44
181,Lakshmipur,BD,2022-03-19 03:32:27,22.95,90.8333,87.51,36,61,3.51
182,Siteki,SZ,2022-03-19 03:32:28,-26.45,31.95,54.95,94,7,2.39
183,Trairi,BR,2022-03-19 03:29:08,-3.2778,-39.2689,75.42,90,13,5.12
184,Kupang,ID,2022-03-19 03:32:30,-10.1667,123.5833,83.17,77,99,8.05
185,Dauphin,CA,2022-03-19 03:32:31,51.1494,-100.0502,37.54,70,0,11.5
186,Wagar,SD,2022-03-19 03:32:31,16.1525,36.2032,71.47,59,73,6.69
187,Bethel,US,2022-03-19 03:28:01,41.3712,-73.414,59.85,81,0,12.66
188,Olafsvik,IS,2022-03-19 03:32:33,64.8945,-23.7142,34.74,70,100,6.26
189,Bellevue,US,2022-03-19 03:31:19,47.6104,-122.2007,52.03,80,75,4.0
190,Sydney,AU,2022-03-19 03:30:21,-33.8679,151.2073,73.11,74,75,20.71
191,Codrington,AU,2022-03-19 03:32:35,-38.2667,141.9667,78.12,35,9,0.87
192,Flinders,AU,2022-03-19 03:32:35,-34.5833,150.8552,73.38,75,97,7.0
193,North Las Vegas,US,2022-03-19 03:28:17,36.1989,-115.1175,71.02,13,0,4.61
194,Takoradi,GH,2022-03-19 03:32:37,4.8845,-1.7554,79.88,86,100,8.19
195,Sao Paulo De Olivenca,BR,2022-03-19 03:32:38,-3.3783,-68.8725,73.51,98,100,1.54
196,Evensk,RU,2022-03-19 03:32:39,61.95,159.2333,11.34,79,19,2.98
197,Chuy,UY,2022-03-19 03:32:39,-33.6971,-53.4616,59.7,82,100,14.52
198,Yar-Sale,RU,2022-03-19 03:32:40,66.8333,70.8333,14.61,94,69,5.17
199,Lavrentiya,RU,2022-03-19 03:32:41,65.5833,-171.0,-6.32,86,1,7.47
200,Bredasdorp,ZA,2022-03-19 03:32:42,-34.5322,20.0403,66.96,95,62,7.36
201,Cachoeira Do Sul,BR,2022-03-19 03:32:43,-30.0392,-52.8939,67.46,95,90,7.67
202,Olinda,BR,2022-03-19 03:32:43,-8.0089,-34.8553,80.33,83,75,12.66
203,Antofagasta,CL,2022-03-19 03:30:51,-23.65,-70.4,63.68,80,43,3.6
204,Alghero,IT,2022-03-19 03:32:45,40.5589,8.3181,53.69,87,75,14.97
205,Pergamino,AR,2022-03-19 03:32:46,-33.89,-60.5736,51.19,76,0,3.09
206,Haines Junction,CA,2022-03-19 03:32:46,60.7522,-137.5108,33.75,60,100,1.14
207,Severo-Kurilsk,RU,2022-03-19 03:32:47,50.6789,156.125,32.95,98,100,22.17
208,Lavumisa,SZ,2022-03-19 03:32:49,-27.31,31.892,60.12,96,38,2.15
209,Pacific Grove,US,2022-03-19 03:32:50,36.6177,-121.9166,56.21,85,75,8.05
210,Broken Hill,AU,2022-03-19 03:32:50,-31.95,141.4333,83.91,37,0,9.22
211,Pisco,PE,2022-03-19 03:32:51,-13.7,-76.2167,68.05,83,0,10.36
212,Tuktoyaktuk,CA,2022-03-19 03:32:52,69.4541,-133.0374,-9.4,77,75,11.5
213,Grindavik,IS,2022-03-19 03:32:53,63.8424,-22.4338,32.47,86,100,6.91
214,Anloga,GH,2022-03-19 03:32:54,5.7947,0.8973,82.22,82,33,14.32
215,Mormugao,IN,2022-03-19 03:32:55,15.4,73.8,83.46,79,75,4.61
216,Salalah,OM,2022-03-19 03:32:56,17.0151,54.0924,77.09,9,0,20.71
217,Gillette,US,2022-03-19 03:32:56,44.2911,-105.5022,40.95,46,0,5.75
218,Torrington,US,2022-03-19 03:32:57,41.8007,-73.1212,57.99,79,100,1.01
219,Chantada,ES,2022-03-19 03:32:58,42.6088,-7.7712,39.54,89,13,1.66
220,Aleksandrovskoye,RU,2022-03-19 03:32:59,44.7142,43.0008,24.22,91,100,18.81
221,Sao Luiz Gonzaga,BR,2022-03-19 03:31:57,-28.4083,-54.9608,66.43,95,90,8.86
222,Omboue,GA,2022-03-19 03:33:00,-1.5746,9.2618,75.83,92,100,2.71
223,Shiozawa,JP,2022-03-19 03:33:01,37.0333,138.85,40.98,97,100,2.42
224,Bushehr,IR,2022-03-19 03:33:02,28.9684,50.8385,57.29,41,0,9.22
225,Pionerskiy,RU,2022-03-19 03:33:03,54.9508,20.2275,37.24,87,98,6.62
226,Kaitangata,NZ,2022-03-19 03:33:03,-46.2817,169.8464,62.37,62,64,14.52
227,La Chaux-De-Fonds,CH,2022-03-19 03:33:04,47.0999,6.8259,37.94,75,99,8.05
228,Ostrovnoy,RU,2022-03-19 03:33:05,68.0531,39.5131,28.72,80,8,21.99
229,Saint-Augustin,CA,2022-03-19 03:33:06,51.226,-58.6502,21.2,79,79,14.41
230,Storobaneasa,RO,2022-03-19 03:33:07,43.8833,25.45,28.72,62,70,4.54
231,Vilhena,BR,2022-03-19 03:33:08,-12.7406,-60.1458,68.49,98,79,2.55
232,Chenzhou,CN,2022-03-19 03:33:09,25.8,113.0333,81.09,59,2,3.49
233,Shizuishan,CN,2022-03-19 03:33:10,39.2333,106.7694,41.41,37,91,6.78
234,Barrow,US,2022-03-19 03:33:11,71.2906,-156.7887,-9.38,64,0,10.36
235,Nemuro,JP,2022-03-19 03:33:12,43.3236,145.575,31.12,98,100,31.68
236,Ponta Do Sol,PT,2022-03-19 03:33:12,32.6667,-17.1,59.72,71,100,2.19
237,Fort Nelson,CA,2022-03-19 03:32:46,58.8053,-122.7002,31.59,55,40,2.3
238,Surgut,RU,2022-03-19 03:33:14,61.25,73.4167,23.18,73,0,8.99
239,Cayenne,GF,2022-03-19 03:30:05,4.9333,-52.3333,80.1,1,75,6.91
240,Lasa,IT,2022-03-19 03:33:15,46.6166,10.7002,40.08,96,99,1.88
241,Nyurba,RU,2022-03-19 03:33:16,63.2842,118.3319,11.48,86,99,9.73
242,Pochutla,MX,2022-03-19 03:33:17,15.7432,-96.4661,76.82,66,3,3.2
243,Tandalti,SD,2022-03-19 03:33:18,13.0167,31.8667,72.43,13,37,10.33
244,Rawson,AR,2022-03-19 03:33:19,-43.3002,-65.1023,52.88,49,0,7.85
245,Port Hedland,AU,2022-03-19 03:33:19,-20.3167,118.5667,100.45,27,0,5.75
246,Mackay,AU,2022-03-19 03:33:20,-21.15,149.2,86.68,69,40,16.11
247,Metro,ID,2022-03-19 03:33:21,-5.1131,105.3067,85.41,67,79,6.26
248,Mahon,ES,2022-03-19 03:33:22,39.8885,4.2658,55.96,88,100,16.11
249,College,US,2022-03-19 03:33:23,64.8569,-147.8028,24.58,53,40,5.75
250,Pierre,US,2022-03-19 03:33:23,44.3683,-100.351,44.28,41,0,9.22
251,Eureka,US,2022-03-19 03:33:24,40.8021,-124.1637,50.2,86,100,4.23
252,Bilma,NE,2022-03-19 03:33:25,18.6853,12.9164,68.76,5,56,7.99
253,Portland,US,2022-03-19 03:29:48,45.5234,-122.6762,54.79,77,100,5.01
254,Matai,TZ,2022-03-19 03:33:26,-8.3,31.5167,57.7,86,100,2.26
255,Katobu,ID,2022-03-19 03:33:27,-4.9408,122.5276,87.66,62,100,4.72
256,Nassau,US,2022-03-19 03:33:28,40.7507,-73.5829,55.06,81,100,8.05
257,Maningrida,AU,2022-03-19 03:33:29,-12.0667,134.2667,90.3,54,100,4.94
258,Horn,DE,2022-03-19 03:33:30,51.8715,8.9451,40.98,88,1,9.15
259,Zhangye,CN,2022-03-19 03:33:30,38.9342,100.4517,50.4,35,95,10.74
260,Virginia Beach,US,2022-03-19 03:33:06,36.8529,-75.978,66.02,69,89,12.39
261,Zhangjiakou,CN,2022-03-19 03:33:32,40.81,114.8794,24.35,60,100,2.62
262,Dudinka,RU,2022-03-19 03:33:33,69.4058,86.1778,20.62,87,100,17.07
263,Aguimes,ES,2022-03-19 03:33:34,27.9054,-15.4461,61.43,68,75,10.36
264,Pevek,RU,2022-03-19 03:33:34,69.7008,170.3133,-7.64,84,18,7.94
265,Norfolk,US,2022-03-19 03:33:35,42.1668,-71.2495,59.63,76,0,5.75
266,Cherskiy,RU,2022-03-19 03:33:36,68.75,161.3,9.45,78,5,7.43
267,Vozhega,RU,2022-03-19 03:33:37,60.4725,40.2213,22.93,98,79,5.06
268,Casambalangan,PH,2022-03-19 03:33:38,18.3765,122.1274,80.83,80,68,6.15
269,Yulara,AU,2022-03-19 03:33:39,-25.2406,130.9889,96.64,19,21,5.75
270,Westport,US,2022-03-19 03:31:39,41.1415,-73.3579,56.86,94,100,5.01
271,Baykit,RU,2022-03-19 03:33:40,61.67,96.37,19.54,84,100,9.48
272,Kendari,ID,2022-03-19 03:33:41,-3.945,122.4989,86.59,64,100,6.78
273,Tanout,NE,2022-03-19 03:33:42,14.9709,8.8879,68.13,6,20,10.69
274,Fare,PF,2022-03-19 03:33:43,-16.7,-151.0167,82.36,69,7,14.32
275,San Patricio,US,2022-03-19 03:33:43,28.017,-97.5169,71.69,47,8,8.66
276,Muisne,EC,2022-03-19 03:33:44,0.6,-80.0333,78.15,86,84,3.22
277,Jiexiu,CN,2022-03-19 03:33:45,37.0244,111.9125,41.41,45,99,8.59
278,Sibu,MY,2022-03-19 03:33:46,2.3,111.8167,84.51,74,40,2.3
279,Nuevitas,CU,2022-03-19 03:33:47,21.5453,-77.2644,75.61,86,2,8.93
280,Naron,ES,2022-03-19 03:33:47,43.5167,-8.1528,53.04,80,8,5.46
281,Nishihara,JP,2022-03-19 03:33:48,26.1842,127.7558,71.65,70,75,12.66
282,Santa Barbara,US,2022-03-19 03:33:49,34.7333,-120.0343,58.82,81,0,5.75
283,Zambezi,ZM,2022-03-19 03:33:50,-13.5432,23.1047,62.55,98,76,3.76
284,Alice Springs,AU,2022-03-19 03:31:13,-23.7,133.8833,96.35,19,20,10.36
285,Nikolskoye,RU,2022-03-19 03:33:51,59.7035,30.7861,35.8,88,60,3.06
286,Gao,ML,2022-03-19 03:33:53,16.6362,1.637,78.71,13,67,5.28
287,Liverpool,GB,2022-03-19 03:31:07,53.4106,-2.9779,46.71,86,3,10.36
288,Waddan,LY,2022-03-19 03:33:54,29.1614,16.139,64.29,18,57,20.54
289,Soloneshnoye,RU,2022-03-19 03:33:55,51.6544,84.3197,18.82,89,76,0.54
290,Port Blair,IN,2022-03-19 03:33:56,11.6667,92.75,82.2,71,99,11.18
291,Deputatskiy,RU,2022-03-19 03:33:57,69.3,139.9,0.0,88,16,2.19
292,Elmina,GH,2022-03-19 03:33:58,5.0898,-1.348,80.06,88,92,9.64
293,Sorong,ID,2022-03-19 03:33:58,-0.8833,131.25,84.38,72,78,7.05
294,Alofi,NU,2022-03-19 03:33:59,-19.0595,-169.9187,84.09,79,94,6.91
295,Roebourne,AU,2022-03-19 03:34:00,-20.7833,117.1333,95.61,40,0,10.87
296,Nizwa,OM,2022-03-19 03:34:01,22.9333,57.5333,76.44,28,0,0.94
297,Nadym,RU,2022-03-19 03:34:01,65.5333,72.5167,20.23,93,86,9.28
298,Uhlove,UA,2022-03-19 03:34:02,44.8215,33.6045,26.02,82,68,22.75
299,Saint-Pierre,RE,2022-03-19 03:34:03,-21.3393,55.4781,82.9,83,0,3.44
300,Golden,US,2022-03-19 03:30:16,39.7555,-105.2211,43.09,36,75,14.97
301,Luangwa,ZM,2022-03-19 03:34:04,-15.6167,30.4167,72.16,86,100,5.68
302,Mwense,ZM,2022-03-19 03:34:05,-10.3845,28.698,61.75,96,100,2.06
303,Omsukchan,RU,2022-03-19 03:34:06,62.5333,155.8,9.72,76,65,7.81
304,Cururupu,BR,2022-03-19 03:34:07,-1.8283,-44.8683,73.44,97,100,2.1
305,Heze,CN,2022-03-19 03:34:07,35.2431,115.4411,44.58,48,100,15.26
306,Korla,CN,2022-03-19 03:34:08,41.7597,86.1469,54.77,39,100,9.33
307,Veraval,IN,2022-03-19 03:34:10,20.9,70.3667,83.64,47,30,11.36
308,Coihueco,CL,2022-03-19 03:34:10,-36.6167,-71.8333,61.54,42,100,4.61
309,Oxapampa,PE,2022-03-19 03:34:11,-10.5775,-75.4017,59.23,95,92,2.37
310,Beringovskiy,RU,2022-03-19 03:34:12,63.05,179.3167,3.6,75,4,1.7
311,Aksarka,RU,2022-03-19 03:34:13,66.5606,67.7975,24.26,88,29,14.25
312,Torbay,CA,2022-03-19 03:34:14,47.6666,-52.7314,38.88,97,100,11.5
313,Camocim,BR,2022-03-19 03:34:15,-2.9022,-40.8411,75.33,92,75,7.02
314,Ubon Ratchathani,TH,2022-03-19 03:34:16,15.1667,105.1667,83.01,46,96,1.86
315,Tagusao,PH,2022-03-19 03:34:17,9.1924,117.8141,84.69,72,100,6.42
316,Quatre Cocos,MU,2022-03-19 03:34:18,-20.2078,57.7625,81.09,79,46,2.57
317,Yatou,CN,2022-03-19 03:34:18,37.15,122.3833,34.63,77,100,21.07
318,Vardo,NO,2022-03-19 03:34:19,70.3705,31.1107,33.06,73,35,26.62
319,Sarab,IR,2022-03-19 03:34:20,38.6066,44.9883,30.76,89,100,3.22
320,Kargasok,RU,2022-03-19 03:34:21,59.0556,80.8572,23.72,92,99,10.49
321,Yerbogachen,RU,2022-03-19 03:34:22,61.2767,108.0108,14.05,91,100,12.35
322,Soe,ID,2022-03-19 03:34:23,-9.8607,124.284,76.64,81,99,3.33
323,Benjamin Constant,BR,2022-03-19 03:34:24,-4.3831,-70.0311,75.33,98,100,1.03
324,Sistranda,NO,2022-03-19 03:34:24,63.7256,8.834,46.36,54,100,34.72
325,Owase,JP,2022-03-19 03:34:25,34.0667,136.2,58.57,56,83,1.03
326,Walvis Bay,NA,2022-03-19 03:34:26,-22.9575,14.5053,61.09,100,0,1.14
327,Bara,NG,2022-03-19 03:34:27,10.3744,10.7288,71.92,14,100,6.71
328,Constitucion,CL,2022-03-19 03:34:28,-35.3333,-72.4167,60.04,48,100,8.5
329,Avondale,US,2022-03-19 03:30:08,33.4356,-112.3496,76.32,14,0,11.99
330,Ampanihy,MG,2022-03-19 03:34:29,-24.7,44.75,65.79,74,8,6.31
331,Meulaboh,ID,2022-03-19 03:34:30,4.1363,96.1285,80.33,83,100,6.2
332,Havelock,US,2022-03-19 03:34:31,34.8791,-76.9013,67.98,86,0,10.36
333,Vila,PT,2022-03-19 03:34:32,42.0304,-8.1588,41.88,82,77,2.57
334,Lata,PT,2022-03-19 03:34:32,40.1629,-8.3327,47.07,72,2,7.09
335,Maumere,ID,2022-03-19 03:34:33,-8.6199,122.2111,83.17,74,100,6.58
336,San Quintin,MX,2022-03-19 03:34:34,30.4833,-115.95,59.52,83,0,6.4
337,Oranjemund,NA,2022-03-19 03:34:35,-28.55,16.4333,66.85,76,7,5.17
338,Avenal,US,2022-03-19 03:34:35,36.0041,-120.129,65.97,46,57,1.45
339,Acari,PE,2022-03-19 03:34:36,-15.4311,-74.6158,73.47,75,46,3.18
340,Nome,US,2022-03-19 03:34:37,64.5011,-165.4064,5.07,61,0,27.63
341,Saint George,US,2022-03-19 03:33:56,37.1041,-113.5841,63.63,18,0,3.44
342,Thames,NZ,2022-03-19 03:34:38,-37.1333,175.5333,66.69,78,72,5.26
343,Kimbe,PG,2022-03-19 03:34:39,-5.5502,150.1429,87.94,62,62,7.4
344,Hami,CN,2022-03-19 03:34:40,42.8,93.45,50.7,31,98,4.63
345,Uige,AO,2022-03-19 03:34:41,-7.6087,15.0613,66.69,96,100,0.78
346,Ballina,AU,2022-03-19 03:34:42,-28.8667,153.5667,80.78,66,40,14.97
347,Emerald,AU,2022-03-19 03:34:43,-23.5333,148.1667,91.54,33,40,12.66
348,Sorland,NO,2022-03-19 03:34:44,67.667,12.6934,43.68,90,100,49.48
349,Rewari,IN,2022-03-19 03:34:45,28.1833,76.6167,89.2,20,5,8.28
350,Kemijarvi,FI,2022-03-19 03:34:46,66.7131,27.4306,27.28,84,30,12.82
351,Coahuayana,MX,2022-03-19 03:34:46,18.7333,-103.6833,67.35,62,0,3.51
352,Bagdarin,RU,2022-03-19 03:34:48,54.4333,113.6,16.27,54,72,2.82
353,Roald,NO,2022-03-19 03:34:49,62.5833,6.1333,50.14,46,75,25.32
354,Dicabisagan,PH,2022-03-19 03:34:49,17.0818,122.4157,81.5,83,54,5.21
355,Qaqortoq,GL,2022-03-19 03:34:50,60.7167,-46.0333,8.87,77,98,5.75
356,General Pico,AR,2022-03-19 03:34:51,-35.6566,-63.7568,53.89,47,5,7.67
357,Dakar,SN,2022-03-19 03:34:33,14.6937,-17.4441,65.28,88,42,2.3
358,Hope,US,2022-03-19 03:30:18,33.6671,-93.5916,51.85,75,75,5.41
359,Kutum,SD,2022-03-19 03:34:53,14.2,24.6667,56.08,16,30,6.08
360,Faanui,PF,2022-03-19 03:34:54,-16.4833,-151.75,82.49,67,3,12.95
361,Coihaique,CL,2022-03-19 03:31:40,-45.5752,-72.0662,40.95,81,0,5.75
362,Jumla,NP,2022-03-19 03:34:55,29.2747,82.1838,68.76,27,26,3.18
363,Mehamn,NO,2022-03-19 03:34:56,71.0357,27.8492,33.75,75,64,21.68
364,Holetown,BB,2022-03-19 03:34:57,13.1867,-59.6381,79.36,77,14,20.74
365,Hit,IQ,2022-03-19 03:34:58,33.6416,42.8251,53.55,41,81,5.28
366,Alugan,PH,2022-03-19 03:34:59,12.2188,125.4808,84.83,69,59,9.01
367,Bouna,CI,2022-03-19 03:35:00,9.2667,-3.0,81.37,46,64,4.83
368,Lagoa,PT,2022-03-19 03:35:00,39.05,-27.9833,52.56,59,100,30.94
369,Filadelfia,US,2022-03-19 03:30:02,39.9523,-75.1638,62.15,79,75,6.91
370,Axim,GH,2022-03-19 03:35:02,4.8699,-2.2405,79.5,86,82,6.58
371,Roma,US,2022-03-19 03:35:02,43.2128,-75.4557,59.86,63,40,11.5
372,Bintulu,MY,2022-03-19 03:35:03,3.1667,113.0333,84.61,79,20,2.3
373,Umred,IN,2022-03-19 03:35:04,20.85,79.3333,86.29,24,39,8.7
374,Pacifica,US,2022-03-19 03:33:31,37.6138,-122.4869,57.72,87,75,12.66
375,Kaeng Khoi,TH,2022-03-19 03:35:05,14.5862,100.9976,91.11,43,58,2.51
376,Guerrero Negro,MX,2022-03-19 03:33:08,27.9769,-114.0611,60.78,83,0,12.95
377,Hofn,IS,2022-03-19 03:35:07,64.2539,-15.2082,34.99,97,100,10.29
378,Pokhara,NP,2022-03-19 03:35:08,28.2333,83.9833,85.44,23,59,5.79
379,Port Lincoln,AU,2022-03-19 03:35:08,-34.7333,135.8667,77.86,58,51,5.28
380,Khasan,RU,2022-03-19 03:35:09,42.4308,130.6434,31.5,52,100,6.17
381,Hasaki,JP,2022-03-19 03:35:10,35.7333,140.8333,64.29,47,62,4.36
382,Norman Wells,CA,2022-03-19 03:35:11,65.282,-126.8329,10.44,67,40,0.0
383,Longkou,CN,2022-03-19 03:35:12,37.6508,120.3286,33.8,58,80,22.57
384,Coro,VE,2022-03-19 03:35:13,11.4045,-69.6734,75.52,85,13,15.82
385,Clyde River,CA,2022-03-19 03:35:13,70.4692,-68.5914,-25.37,68,0,3.44
386,Pueblo Nuevo,MX,2022-03-19 03:35:15,23.3833,-105.3833,47.05,34,1,6.02
387,Airai,TL,2022-03-19 03:35:16,-8.9266,125.4092,72.25,75,71,0.89
388,Caxito,AO,2022-03-19 03:35:17,-8.5785,13.6643,70.68,97,97,3.47
389,Laredo,US,2022-03-19 03:35:18,27.5064,-99.5075,66.49,30,0,3.44
390,Santiago De Cuba,CU,2022-03-19 03:35:18,20.0247,-75.8219,75.31,83,20,4.61
391,Barentu,ER,2022-03-19 03:35:19,15.1139,37.5928,67.93,56,65,3.33
392,Klaksvik,FO,2022-03-19 03:35:20,62.2266,-6.589,49.12,79,100,39.3
393,Palera,IN,2022-03-19 03:35:21,25.0167,79.2333,90.7,18,15,3.6
394,Harnosand,SE,2022-03-19 03:35:22,62.6323,17.9379,32.0,78,10,12.01
395,Havre-Saint-Pierre,CA,2022-03-19 03:35:22,50.2334,-63.5986,30.2,54,0,10.36
396,Karimnagar,IN,2022-03-19 03:35:23,18.4333,79.15,86.02,45,25,13.24
397,Lazaro Cardenas,MX,2022-03-19 03:35:24,17.9583,-102.2,72.14,71,0,3.15
398,Touros,BR,2022-03-19 03:35:25,-5.1989,-35.4608,78.21,81,87,6.64
399,Baoshan,CN,2022-03-19 03:35:25,46.5586,131.4244,20.12,78,100,7.7
400,Qianan,CN,2022-03-19 03:35:26,44.9932,124.0581,29.23,48,2,10.31
401,Lamar,US,2022-03-19 03:35:27,33.6668,-95.5836,48.36,66,0,4.61
402,Japura,ID,2022-03-19 03:35:28,-0.3167,102.35,89.37,59,96,3.87
403,Jinxiang,CN,2022-03-19 03:35:29,27.4327,120.6062,60.58,79,79,6.87
404,Antalaha,MG,2022-03-19 03:35:30,-14.9003,50.2788,78.26,87,100,2.71
405,Manoel Urbano,BR,2022-03-19 03:35:30,-8.8389,-69.2597,73.81,93,100,2.44
406,Plouzane,FR,2022-03-19 03:35:31,48.3833,-4.6167,48.25,53,0,17.27
407,Verkhnevilyuysk,RU,2022-03-19 03:35:32,63.4453,120.3167,14.13,79,80,9.22
408,Palembang,ID,2022-03-19 03:35:34,-2.9167,104.7458,86.09,70,40,5.75
409,Maraa,BR,2022-03-19 03:35:35,-1.8333,-65.3667,73.65,99,100,2.48
410,Jaciara,BR,2022-03-19 03:35:36,-15.9653,-54.9683,71.15,94,2,0.85
411,Namibe,AO,2022-03-19 03:35:36,-15.1961,12.1522,72.12,69,86,9.26
412,Marquette,US,2022-03-19 03:35:37,46.5333,-87.6335,29.82,92,100,5.5
413,Kirkuk,IQ,2022-03-19 03:35:38,35.4681,44.3922,46.85,37,64,5.7
414,Prince George,CA,2022-03-19 03:35:21,53.9166,-122.753,44.04,52,75,8.05
415,Manuk Mangkaw,PH,2022-03-19 03:35:39,4.8,119.85,83.71,72,98,5.08
416,Raudeberg,NO,2022-03-19 03:35:40,61.9875,5.1352,43.47,73,64,28.52
417,Savannah Bight,HN,2022-03-19 03:35:41,16.45,-85.85,80.92,83,0,27.02
418,San Angelo,US,2022-03-19 03:35:42,31.4638,-100.437,57.11,30,0,3.44
419,Te Anau,NZ,2022-03-19 03:35:42,-45.4167,167.7167,67.91,45,68,3.2
420,Winter Garden,US,2022-03-19 03:34:18,28.5653,-81.5862,76.95,78,37,7.0
421,Abu Samrah,SY,2022-03-19 03:35:44,35.3029,37.1841,39.29,90,99,7.65
422,Bardiyah,LY,2022-03-19 03:35:45,31.7561,25.0865,51.42,60,80,24.79
423,Boysun,UZ,2022-03-19 03:35:46,38.2061,67.1986,39.2,96,100,4.32
424,Vanavara,RU,2022-03-19 03:35:47,60.34,102.2797,17.01,86,100,11.25
425,Sabla,NG,2022-03-19 03:35:48,12.7525,4.7077,75.36,11,52,9.82
426,Ponta Delgada,PT,2022-03-19 03:35:48,37.7333,-25.6667,50.72,76,75,11.5
427,Buenos Aires,AR,2022-03-19 03:31:43,-34.6132,-58.3772,57.94,69,0,8.05
428,Esso,RU,2022-03-19 03:35:50,55.9333,158.7,22.95,86,100,6.29
429,Seddon,AU,2022-03-19 03:35:51,-37.8068,144.8916,89.67,52,40,13.8
430,Nioki,CD,2022-03-19 03:35:52,-2.7167,17.6833,70.81,96,99,2.48
431,Paka,MY,2022-03-19 03:35:52,4.6374,103.4368,87.73,70,20,4.61
432,Shelburne,CA,2022-03-19 03:35:25,44.0787,-80.2041,41.79,88,100,14.63
433,Nyanguge,TZ,2022-03-19 03:35:54,-2.55,33.2,67.71,91,31,9.57
434,Kigoma,TZ,2022-03-19 03:35:56,-4.8769,29.6267,70.2,86,41,4.16
435,Thongwa,MM,2022-03-19 03:35:56,16.7619,96.5278,84.36,30,30,6.29
436,Maldonado,UY,2022-03-19 03:32:26,-34.6667,-54.9167,58.39,69,87,12.08
437,Dillon,US,2022-03-19 03:33:35,34.4166,-79.3712,64.26,79,98,9.06
438,Bhanpuri,IN,2022-03-19 03:35:59,21.1,80.9167,90.12,19,24,4.18
439,Stornoway,GB,2022-03-19 03:36:00,58.2093,-6.3865,49.03,80,82,29.93
440,Beidao,CN,2022-03-19 03:36:01,34.5686,105.8933,52.47,53,100,6.49
441,Upata,VE,2022-03-19 03:36:01,8.0086,-62.3989,69.8,89,100,5.17
442,Gat,IL,2022-03-19 03:36:02,31.61,34.7642,54.39,100,33,6.76
443,Ulladulla,AU,2022-03-19 03:36:03,-35.35,150.4667,68.9,62,92,11.14
444,Vasterhaninge,SE,2022-03-19 03:36:04,59.1167,18.1,30.83,90,0,4.9
445,Mabaruma,GY,2022-03-19 03:36:05,8.2,-59.7833,70.77,99,73,2.24
446,Cape Coast,GH,2022-03-19 03:36:05,5.1053,-1.2466,80.1,88,88,10.45
447,Shiraz,IR,2022-03-19 03:36:06,29.6036,52.5388,40.44,36,0,0.0
448,Jasper,US,2022-03-19 03:36:07,37.2001,-94.3502,42.85,85,100,13.8
449,Wladyslawowo,PL,2022-03-19 03:36:08,54.7909,18.4009,39.0,91,5,7.76
450,Belmonte,BR,2022-03-19 03:36:09,-15.8631,-38.8828,75.63,86,26,3.62
451,Marsa Matruh,EG,2022-03-19 03:36:09,31.3525,27.2453,52.38,61,26,18.45
452,Cockburn Town,TC,2022-03-19 03:36:10,21.4612,-71.1419,78.06,81,0,22.68
453,Geraldton,AU,2022-03-19 03:36:11,-28.7667,114.6,90.01,33,100,18.41
454,Tilichiki,RU,2022-03-19 03:36:12,60.4667,166.1,17.92,89,99,2.66
455,Cartagena,CO,2022-03-19 03:34:43,10.3997,-75.5144,80.22,78,0,5.75
456,Urbano Santos,BR,2022-03-19 03:36:13,-3.2078,-43.4036,73.44,99,100,2.73
457,Kushima,JP,2022-03-19 03:36:14,31.4583,131.2333,60.94,67,30,12.73
458,Saint Anthony,US,2022-03-19 03:36:15,45.0205,-93.218,35.92,77,0,9.22
459,Canillo,AD,2022-03-19 03:36:16,42.5833,1.6667,29.84,79,69,2.66
460,Salinas,US,2022-03-19 03:35:25,36.6777,-121.6555,56.1,77,0,11.5
461,Mackenzie,CA,2022-03-19 03:35:21,55.2999,-123.1698,39.42,65,100,9.22
462,Avera,US,2022-03-19 03:36:18,33.194,-82.5271,60.31,92,94,13.51
463,Saint-Francois,FR,2022-03-19 03:36:19,46.4154,3.9054,42.67,80,0,0.0
464,Zaragoza,ES,2022-03-19 03:36:20,41.6561,-0.8773,49.86,78,75,1.14
465,Bosaso,SO,2022-03-19 03:36:21,11.2842,49.1816,76.71,62,0,1.63
466,Kyra,RU,2022-03-19 03:36:22,49.5776,111.9753,18.91,65,100,1.52
467,Colares,PT,2022-03-19 03:36:23,38.7992,-9.4469,56.75,63,2,5.99
468,Kindu,CD,2022-03-19 03:36:24,-2.95,25.95,64.65,95,14,2.15
469,Egvekinot,RU,2022-03-19 03:36:24,66.3167,-179.1667,-10.95,84,0,0.76
470,Lazi,UA,2022-03-19 03:36:25,48.0667,24.2333,22.44,70,36,4.03
471,Shangzhi,CN,2022-03-19 03:36:26,45.2167,127.9667,25.12,70,88,9.66
472,Taoudenni,ML,2022-03-19 03:36:26,22.6783,-3.9836,70.45,19,0,7.34
473,Maiduguri,NG,2022-03-19 03:36:27,11.8464,13.1603,68.81,21,100,7.31
474,Dhone,IN,2022-03-19 03:36:29,15.4167,77.8833,86.34,40,13,10.07
475,Marzuq,YE,2022-03-19 03:36:29,14.4,46.4667,65.12,34,37,1.99
476,Taltal,CL,2022-03-19 03:36:31,-25.4,-70.4833,67.59,78,16,3.2
477,Genhe,CN,2022-03-19 03:36:31,50.7833,121.5167,18.12,59,98,4.72
478,Jibuti,DJ,2022-03-19 03:36:32,11.5,42.5,69.75,72,66,7.02
479,Homer,US,2022-03-19 03:35:15,59.6425,-151.5483,36.77,76,100,8.99
480,Kieta,PG,2022-03-19 03:36:34,-6.2167,155.6333,85.5,62,23,4.5
481,Saint-Georges,GD,2022-03-19 03:36:35,12.0564,-61.7485,78.48,78,20,19.57
482,Yura,PE,2022-03-19 03:36:35,-16.2522,-71.6797,55.92,72,0,3.44
483,Marfino,RU,2022-03-19 03:36:36,55.7028,37.3822,31.95,57,0,0.0
484,Houma,US,2022-03-19 03:33:31,29.5958,-90.7195,69.8,85,2,1.99
485,Batagay-Alyta,RU,2022-03-19 03:36:38,67.8006,130.4114,-2.07,67,0,4.56
486,Varadero,CU,2022-03-19 03:36:39,23.1536,-81.2514,75.96,74,69,12.37
487,Cam Ranh,VN,2022-03-19 03:36:40,11.9214,109.1591,85.96,62,20,6.91
488,Podor,MR,2022-03-19 03:36:42,16.6527,-14.9587,73.35,40,0,2.3
489,Praia Da Vitoria,PT,2022-03-19 03:36:42,38.7333,-27.0667,50.25,87,40,28.05
490,Camacha,PT,2022-03-19 03:36:43,33.0833,-16.3333,56.62,63,75,5.75
491,Husavik,IS,2022-03-19 03:36:44,66.0449,-17.3389,28.87,82,100,7.43
492,Feira Grande,BR,2022-03-19 03:36:45,-9.8944,-36.6793,73.36,84,44,2.66
493,Papara,BR,2022-03-19 03:36:46,-3.9839,-38.7273,79.2,94,63,1.79
494,Kazerun,IR,2022-03-19 03:36:47,29.6195,51.6541,56.82,26,0,3.36
495,Srandakan,ID,2022-03-19 03:36:47,-7.9386,110.2506,85.17,70,100,6.8
496,Lewisporte,CA,2022-03-19 03:35:25,49.2499,-55.0482,31.71,92,98,9.91
497,Novyy Urgal,RU,2022-03-19 03:36:49,51.0736,132.5642,20.77,74,100,1.97
498,Mandali,IQ,2022-03-19 03:36:50,33.7499,45.5541,53.26,22,13,5.21
499,Khanpur,PK,2022-03-19 03:36:50,28.6453,70.6567,87.93,23,0,7.54
500,Archdale,US,2022-03-19 03:36:51,35.9146,-79.972,62.87,76,100,10.29
501,Pangody,RU,2022-03-19 03:36:52,65.85,74.4859,18.88,94,95,9.84
502,Belluno,IT,2022-03-19 03:36:53,46.145,12.2214,44.6,82,20,3.51
503,Brae,GB,2022-03-19 03:36:53,60.3964,-1.353,46.96,77,100,15.68
504,Bengkulu,ID,2022-03-19 03:36:54,-3.8004,102.2655,74.77,84,100,5.23
505,Farrukhnagar,IN,2022-03-19 03:36:55,17.0778,78.2011,78.51,32,19,11.86
506,Sisimiut,GL,2022-03-19 03:36:56,66.9395,-53.6735,-6.81,98,100,3.6
507,Bac Lieu,VN,2022-03-19 03:36:57,9.285,105.7244,88.99,54,90,8.5
508,Candido Mendes,BR,2022-03-19 03:36:57,-1.4467,-45.7167,73.15,97,94,1.25
509,Krizevci,HR,2022-03-19 03:36:58,46.0219,16.5425,24.39,69,6,2.35
510,De-Kastri,RU,2022-03-19 03:36:59,51.4667,140.7833,25.54,87,100,7.29
511,Farso,DK,2022-03-19 03:37:00,56.7728,9.3393,30.85,80,7,1.7
512,Fortaleza,BR,2022-03-19 03:34:00,-3.7227,-38.5247,80.73,89,40,5.75
513,Ulaangom,MN,2022-03-19 03:37:01,49.9811,92.0667,13.68,92,99,4.0
514,Birjand,IR,2022-03-19 03:37:02,32.8663,59.2211,37.87,25,0,4.61
515,Luderitz,NA,2022-03-19 03:37:03,-26.6481,15.1594,71.37,64,10,6.98
516,Darnah,LY,2022-03-19 03:37:04,32.767,22.6367,51.73,69,100,26.96
517,Nacala,MZ,2022-03-19 03:37:05,-14.5428,40.6728,75.63,94,100,4.7
518,Road Town,VG,2022-03-19 03:37:06,18.4167,-64.6167,75.99,78,1,20.94
519,Le Mars,US,2022-03-19 03:37:06,42.7942,-96.1656,37.56,86,0,3.44
520,San Policarpo,PH,2022-03-19 03:37:07,12.1791,125.5072,84.49,71,57,8.99
521,Gweta,BW,2022-03-19 03:37:08,-20.1833,25.2333,64.36,74,45,9.31
522,Maues,BR,2022-03-19 03:37:09,-3.3836,-57.7186,72.88,98,100,2.26
523,Fairbanks,US,2022-03-19 03:37:11,64.8378,-147.7164,24.6,53,40,5.75
524,Maniitsoq,GL,2022-03-19 03:37:12,65.4167,-52.9,-5.28,91,100,5.26
525,Hisor,TJ,2022-03-19 03:37:12,38.525,68.5512,40.75,93,100,2.37
526,Kirakira,SB,2022-03-19 03:37:13,-10.4544,161.9205,83.01,74,100,5.86
527,Berlevag,NO,2022-03-19 03:37:14,70.8578,29.0864,32.99,74,48,24.27
528,Oistins,BB,2022-03-19 03:37:15,13.0667,-59.5333,78.89,73,75,24.16
529,Davila,PH,2022-03-19 03:37:16,18.4726,120.5763,84.18,75,69,19.37
530,Sandakan,MY,2022-03-19 03:37:17,5.8402,118.1179,87.48,70,40,2.3
531,Conceicao Do Araguaia,BR,2022-03-19 03:37:18,-8.2578,-49.2647,73.42,93,100,1.23
532,Kikwit,CD,2022-03-19 03:37:19,-5.041,18.8162,68.86,97,82,2.39
533,Hovd,MN,2022-03-19 03:37:20,48.0056,91.6419,24.1,62,100,3.33
534,Poum,NC,2022-03-19 03:37:20,-20.2333,164.0167,81.18,76,99,12.48
535,Taungdwingyi,MM,2022-03-19 03:37:21,20.0167,95.55,95.07,25,15,7.07
536,Aojiang,CN,2022-03-19 03:37:22,22.9421,116.0359,78.35,59,32,7.14
537,Hastings,GB,2022-03-19 03:35:17,50.8552,0.5729,48.29,72,0,21.05
538,Kaabong,UG,2022-03-19 03:37:24,3.4836,34.1492,67.15,53,41,5.32
539,Sterling,US,2022-03-19 03:37:25,39.0062,-77.4286,64.69,77,40,14.97
540,Huarmey,PE,2022-03-19 03:37:26,-10.0681,-78.1522,71.24,82,8,7.9
541,Najran,SA,2022-03-19 03:35:54,17.4924,44.1277,57.85,27,6,0.45
542,Jiwani,PK,2022-03-19 03:37:27,25.05,61.7417,76.68,64,0,23.78
543,Nantucket,US,2022-03-19 03:34:09,41.2835,-70.0995,42.91,97,100,10.36
544,Bundaberg,AU,2022-03-19 03:33:06,-24.85,152.35,86.22,49,75,17.27
545,Madison,US,2022-03-19 03:33:32,34.7334,-86.5667,63.28,91,20,12.66
546,Fuxin,CN,2022-03-19 03:37:30,42.0156,121.6589,34.92,24,0,15.55
547,Inhambane,MZ,2022-03-19 03:37:31,-23.865,35.3833,73.81,65,75,8.3
548,Champerico,GT,2022-03-19 03:37:31,14.3,-91.9167,80.76,69,0,10.4
549,Nelson Bay,AU,2022-03-19 03:37:32,-32.7167,152.15,75.11,68,100,3.0
550,Krasnoselkup,RU,2022-03-19 03:37:34,65.7,82.4667,28.76,96,100,16.8
551,Santa Marta,CO,2022-03-19 03:37:34,11.2408,-74.199,83.89,65,14,17.0
552,Kampar,MY,2022-03-19 03:37:35,4.3,101.15,87.94,63,49,4.45
553,San Juan,AR,2022-03-19 03:37:36,-31.5375,-68.5364,66.36,30,10,3.94
554,Morehead,US,2022-03-19 03:32:48,37.2711,-87.1764,56.95,88,75,8.99
555,Port Pirie,AU,2022-03-19 03:37:37,-33.1833,138.0167,86.09,34,26,7.25
556,Vawkavysk,BY,2022-03-19 03:37:38,53.1561,24.4513,29.84,52,0,2.42
557,Swift Current,CA,2022-03-19 03:37:39,50.2834,-107.8014,36.41,75,20,3.44
558,Singaparna,ID,2022-03-19 03:37:40,-7.3515,108.111,85.33,60,88,4.34
559,Coracora,PE,2022-03-19 03:37:41,-15.0333,-73.7833,50.97,78,89,1.99
560,Lehigh Acres,US,2022-03-19 03:37:16,26.6254,-81.6248,76.98,86,0,3.44
561,Stromness,GB,2022-03-19 03:37:42,58.965,-3.296,44.56,77,81,14.85
562,Clonakilty,IE,2022-03-19 03:37:43,51.6231,-8.8706,47.41,86,0,23.62
563,Elliot,ZA,2022-03-19 03:37:43,-31.3333,27.85,57.42,61,98,4.52
564,Svetlaya,RU,2022-03-19 03:37:44,46.5389,138.3297,28.98,75,65,15.32
565,Altay,CN,2022-03-19 03:37:45,47.8667,88.1167,24.06,81,99,3.56
566,Ushtobe,KZ,2022-03-19 03:37:46,45.2514,77.9838,34.07,59,100,5.93
567,Sergeyevka,KZ,2022-03-19 03:37:47,53.88,67.4158,0.32,96,78,3.6
568,Vadodara,IN,2022-03-19 03:37:48,22.3,73.2,78.76,47,44,4.61
569,Ranong,TH,2022-03-19 03:37:49,9.9658,98.6348,87.73,65,100,1.97
570,Pingxiang,CN,2022-03-19 03:37:50,27.6167,113.85,75.43,61,0,2.15
571,Butembo,CD,2022-03-19 03:37:50,0.15,29.2833,58.12,74,2,3.71
572,Labrea,BR,2022-03-19 03:37:51,-7.2586,-64.7981,73.38,99,91,0.92
573,Nyahururu,KE,2022-03-19 03:37:52,0.0421,36.3673,55.36,76,93,4.38
574,Billings,US,2022-03-19 03:34:28,45.7833,-108.5007,47.97,41,40,4.61
575,Micheweni,TZ,2022-03-19 03:37:55,-4.9667,39.8333,79.25,80,31,4.16
576,Lima,PE,2022-03-19 03:37:56,-12.0432,-77.0282,64.38,23,75,6.91
